id,last_name,first_name,created_at,updated_at
1,Lemke,Eliezer,2012-02-26 20:56:56 UTC,2012-02-26 20:56:56 UTC
2,Davis,Lavonne,2012-02-26 20:56:57 UTC,2012-02-26 20:56:57 UTC
3,Runte,Stone,2012-02-26 20:56:57 UTC,2012-02-26 20:56:57 UTC
4,Lemke,Zoey,2012-02-26 20:56:57 UTC,2012-02-26 20:56:57 UTC
5,D'Amore,Raven,2012-02-26 20:56:57 UTC,2012-02-26 20:56:57 UTC
6,Dickens,Ivy,2012-02-26 20:56:57 UTC,2012-02-26 20:56:57 UTC
7,Smitham,Tommie,2012-02-26 20:56:57 UTC,2012-02-26 20:56:57 UTC
8,Cronin,Maximo,2012-02-26 20:56:57 UTC,2012-02-26 20:56:57 UTC
9,Waelchi,Marlen,2012-02-26 20:56:57 UTC,2012-02-26 20:56:57 UTC
10,Muller,Flo,2012-02-26 20:56:58 UTC,2012-02-26 20:56:58 UTC
11,Ziemann,Cody,2012-02-26 20:56:58 UTC,2012-02-26 20:56:58 UTC
12,Murray,Julien,2012-02-26 20:56:58 UTC,2012-02-26 20:56:58 UTC
13,Lindgren,Kobe,2012-02-26 20:56:59 UTC,2012-02-26 20:56:59 UTC
14,Bergstrom,Jacinto,2012-02-26 20:56:59 UTC,2012-02-26 20:56:59 UTC
15,Schmeler,Emil,2012-02-26 20:56:59 UTC,2012-02-26 20:56:59 UTC
16,Rutherford,Israel,2012-02-26 20:56:59 UTC,2012-02-26 20:56:59 UTC
17,Leannon,Mylene,2012-02-26 20:56:59 UTC,2012-02-26 20:56:59 UTC
18,Kuvalis,Norris,2012-02-26 20:56:59 UTC,2012-02-26 20:56:59 UTC
19,Bogan,Arely,2012-02-26 20:56:59 UTC,2012-02-26 20:56:59 UTC
20,Kirlin,Asha,2012-02-26 20:56:59 UTC,2012-02-26 20:56:59 UTC
21,Veum,Mckayla,2012-02-26 20:56:59 UTC,2012-02-26 20:56:59 UTC
22,Howe,Floyd,2012-02-26 20:57:00 UTC,2012-02-26 20:57:00 UTC
23,Ebert,Jamison,2012-02-26 20:57:00 UTC,2012-02-26 20:57:00 UTC
24,Durgan,Alejandrin,2012-02-26 20:57:00 UTC,2012-02-26 20:57:00 UTC
25,Monahan,Brianne,2012-02-26 20:57:00 UTC,2012-02-26 20:57:00 UTC
26,Walter,Kennedy,2012-02-26 20:57:00 UTC,2012-02-26 20:57:00 UTC
27,Zieme,Mercedes,2012-02-26 20:57:01 UTC,2012-02-26 20:57:01 UTC
28,MacGyver,Pearlie,2012-02-26 20:57:01 UTC,2012-02-26 20:57:01 UTC
29,Rice,Elva,2012-02-26 20:57:01 UTC,2012-02-26 20:57:01 UTC
30,Skiles,Agustina,2012-02-26 20:57:01 UTC,2012-02-26 20:57:01 UTC
31,Moore,Casimer,2012-02-26 20:57:01 UTC,2012-02-26 20:57:01 UTC
32,Witting,Reyes,2012-02-26 20:57:02 UTC,2012-02-26 20:57:02 UTC
33,Mueller,Axel,2012-02-26 20:57:02 UTC,2012-02-26 20:57:02 UTC
34,Smitham,Rosemary,2012-02-26 20:57:02 UTC,2012-02-26 20:57:02 UTC
35,Doyle,Chesley,2012-02-26 20:57:02 UTC,2012-02-26 20:57:02 UTC
36,Gerlach,Isaiah,2012-02-26 20:57:02 UTC,2012-02-26 20:57:02 UTC
37,Brakus,Joshua,2012-02-26 20:57:03 UTC,2012-02-26 20:57:03 UTC
38,Corkery,Jerry,2012-02-26 20:57:03 UTC,2012-02-26 20:57:03 UTC
39,Schultz,Harry,2012-02-26 20:57:03 UTC,2012-02-26 20:57:03 UTC
40,Zemlak,Bobbie,2012-02-26 20:57:03 UTC,2012-02-26 20:57:03 UTC
41,Conroy,Tyrique,2012-02-26 20:57:04 UTC,2012-02-26 20:57:04 UTC
42,Bruen,Ladarius,2012-02-26 20:57:04 UTC,2012-02-26 20:57:04 UTC
43,Mann,Nettie,2012-02-26 20:57:04 UTC,2012-02-26 20:57:04 UTC
44,Corwin,Chanelle,2012-02-26 20:57:04 UTC,2012-02-26 20:57:04 UTC
45,Hegmann,Casandra,2012-02-26 20:57:04 UTC,2012-02-26 20:57:04 UTC
46,Rath,Genesis,2012-02-26 20:57:05 UTC,2012-02-26 20:57:05 UTC
47,Spencer,Abigail,2012-02-26 20:57:05 UTC,2012-02-26 20:57:05 UTC
48,Weber,Hudson,2012-02-26 20:57:05 UTC,2012-02-26 20:57:05 UTC
49,Funk,Maddison,2012-02-26 20:57:05 UTC,2012-02-26 20:57:05 UTC
50,Bartoletti,Ona,2012-02-26 20:57:05 UTC,2012-02-26 20:57:05 UTC
51,Denesik,Nasir,2012-02-26 20:57:05 UTC,2012-02-26 20:57:05 UTC
52,Nolan,Elouise,2012-02-26 20:57:05 UTC,2012-02-26 20:57:05 UTC
53,Toy,Elody,2012-02-26 20:57:05 UTC,2012-02-26 20:57:05 UTC
54,Nikolaus,Nola,2012-02-26 20:57:06 UTC,2012-02-26 20:57:06 UTC
55,Wiza,Sheridan,2012-02-26 20:57:06 UTC,2012-02-26 20:57:06 UTC
56,McGlynn,Marcelino,2012-02-26 20:57:06 UTC,2012-02-26 20:57:06 UTC
57,Konopelski,Uriah,2012-02-26 20:57:06 UTC,2012-02-26 20:57:06 UTC
58,Heidenreich,Barry,2012-02-26 20:57:06 UTC,2012-02-26 20:57:06 UTC
59,Stamm,Faye,2012-02-26 20:57:06 UTC,2012-02-26 20:57:06 UTC
60,Ebert,Jaiden,2012-02-26 20:57:06 UTC,2012-02-26 20:57:06 UTC
61,Senger,Prudence,2012-02-26 20:57:06 UTC,2012-02-26 20:57:06 UTC
62,Schuppe,Rylan,2012-02-26 20:57:06 UTC,2012-02-26 20:57:06 UTC
63,Armstrong,Mathew,2012-02-26 20:57:07 UTC,2012-02-26 20:57:07 UTC
64,Auer,Josianne,2012-02-26 20:57:07 UTC,2012-02-26 20:57:07 UTC
65,Feil,Sterling,2012-02-26 20:57:07 UTC,2012-02-26 20:57:07 UTC
66,Kuvalis,Francesca,2012-02-26 20:57:07 UTC,2012-02-26 20:57:07 UTC
67,Mayert,Maryam,2012-02-26 20:57:07 UTC,2012-02-26 20:57:07 UTC
68,Kunze,Jean,2012-02-26 20:57:07 UTC,2012-02-26 20:57:07 UTC
69,Baumbach,Darwin,2012-02-26 20:57:07 UTC,2012-02-26 20:57:07 UTC
70,Bosco,Clotilde,2012-02-26 20:57:07 UTC,2012-02-26 20:57:07 UTC
71,Leuschke,Glen,2012-02-26 20:57:07 UTC,2012-02-26 20:57:07 UTC
72,Lindgren,Marc,2012-02-26 20:57:08 UTC,2012-02-26 20:57:08 UTC
73,Simonis,Rose,2012-02-26 20:57:08 UTC,2012-02-26 20:57:08 UTC
74,Ondricka,Glenda,2012-02-26 20:57:08 UTC,2012-02-26 20:57:08 UTC
75,Cole,Deshaun,2012-02-26 20:57:08 UTC,2012-02-26 20:57:08 UTC
76,Larkin,Damian,2012-02-26 20:57:09 UTC,2012-02-26 20:57:09 UTC
77,Mueller,Elvie,2012-02-26 20:57:09 UTC,2012-02-26 20:57:09 UTC
78,Keeling,Macie,2012-02-26 20:57:09 UTC,2012-02-26 20:57:09 UTC
79,Harber,Mary,2012-02-26 20:57:09 UTC,2012-02-26 20:57:09 UTC
80,McDermott,Daphnee,2012-02-26 20:57:09 UTC,2012-02-26 20:57:09 UTC
81,Carroll,Enola,2012-02-26 20:57:09 UTC,2012-02-26 20:57:09 UTC
82,Lakin,Manuel,2012-02-26 20:57:10 UTC,2012-02-26 20:57:10 UTC
83,King,Ahmed,2012-02-26 20:57:10 UTC,2012-02-26 20:57:10 UTC
84,Hand,Winfield,2012-02-26 20:57:10 UTC,2012-02-26 20:57:10 UTC
85,Borer,Florine,2012-02-26 20:57:10 UTC,2012-02-26 20:57:10 UTC
86,Graham,Yessenia,2012-02-26 20:57:11 UTC,2012-02-26 20:57:11 UTC
87,Heaney,Jayme,2012-02-26 20:57:11 UTC,2012-02-26 20:57:11 UTC
88,Beer,Natalie,2012-02-26 20:57:11 UTC,2012-02-26 20:57:11 UTC
89,Corwin,Kayla,2012-02-26 20:57:11 UTC,2012-02-26 20:57:11 UTC
90,Cartwright,Jerad,2012-02-26 20:57:11 UTC,2012-02-26 20:57:11 UTC
91,Rogahn,Lottie,2012-02-26 20:57:11 UTC,2012-02-26 20:57:11 UTC
92,Goldner,Gayle,2012-02-26 20:57:12 UTC,2012-02-26 20:57:12 UTC
93,Toy,Dayne,2012-02-26 20:57:12 UTC,2012-02-26 20:57:12 UTC
94,Doyle,Nicklaus,2012-02-26 20:57:12 UTC,2012-02-26 20:57:12 UTC
95,Mann,Jeromy,2012-02-26 20:57:12 UTC,2012-02-26 20:57:12 UTC
96,Kertzmann,Kaylee,2012-02-26 20:57:12 UTC,2012-02-26 20:57:12 UTC
97,Beier,Abbigail,2012-02-26 20:57:13 UTC,2012-02-26 20:57:13 UTC
98,Greenholt,Hulda,2012-02-26 20:57:13 UTC,2012-02-26 20:57:13 UTC
99,Ernser,Albina,2012-02-26 20:57:13 UTC,2012-02-26 20:57:13 UTC
100,Rath,Westley,2012-02-26 20:57:13 UTC,2012-02-26 20:57:13 UTC
