id,invoice_id,credit_card_number,credit_card_expiration_date,result,created_at,updated_at
1,1,4068631943231473,,success,2012-02-26 20:56:56 UTC,2012-02-26 20:56:56 UTC
2,2,4177816490204479,,success,2012-02-26 20:56:56 UTC,2012-02-26 20:56:56 UTC
3,3,4271805778010747,,success,2012-02-26 20:56:56 UTC,2012-02-26 20:56:56 UTC
4,4,4048033451067370,,success,2012-02-26 20:56:56 UTC,2012-02-26 20:56:56 UTC
5,5,4297222478855497,,success,2012-02-26 20:56:56 UTC,2012-02-26 20:56:56 UTC
6,6,4558368405929183,,success,2012-02-26 20:56:57 UTC,2012-02-26 20:56:57 UTC
7,7,4613250127567219,,success,2012-02-26 20:56:57 UTC,2012-02-26 20:56:57 UTC
8,8,4839506591130477,,success,2012-02-26 20:56:57 UTC,2012-02-26 20:56:57 UTC
9,9,4463525332822998,,success,2012-02-26 20:56:57 UTC,2012-02-26 20:56:57 UTC
10,10,4149654190362629,,success,2012-02-26 20:56:57 UTC,2012-02-26 20:56:57 UTC
11,11,4636879773663908,,success,2012-02-26 20:56:57 UTC,2012-02-26 20:56:57 UTC
12,12,4625296309157421,,success,2012-02-26 20:56:57 UTC,2012-02-26 20:56:57 UTC
13,13,4518913442963142,,success,2012-02-26 20:56:57 UTC,2012-02-26 20:56:57 UTC
14,14,4035885351912165,,success,2012-02-26 20:56:57 UTC,2012-02-26 20:56:57 UTC
15,15,4556671029294436,,success,2012-02-26 20:56:57 UTC,2012-02-26 20:56:57 UTC
16,16,4279380734327937,,success,2012-02-26 20:56:57 UTC,2012-02-26 20:56:57 UTC
17,17,4257133712179878,,success,2012-02-26 20:56:57 UTC,2012-02-26 20:56:57 UTC
18,18,4055813232766404,,success,2012-02-26 20:56:57 UTC,2012-02-26 20:56:57 UTC
19,19,4318767847968505,,success,2012-02-26 20:56:57 UTC,2012-02-26 20:56:57 UTC
20,20,4890371279632775,,success,2012-02-26 20:56:57 UTC,2012-02-26 20:56:57 UTC
21,21,4147902004736100,,success,2012-02-26 20:56:57 UTC,2012-02-26 20:56:57 UTC
22,22,4172068877354384,,success,2012-02-26 20:56:57 UTC,2012-02-26 20:56:57 UTC
23,23,4566763237167619,,success,2012-02-26 20:56:57 UTC,2012-02-26 20:56:57 UTC
24,24,4970472137240748,,success,2012-02-26 20:56:57 UTC,2012-02-26 20:56:57 UTC
25,25,4380052321342904,,success,2012-02-26 20:56:57 UTC,2012-02-26 20:56:57 UTC
26,26,4071916065529660,,success,2012-02-26 20:56:57 UTC,2012-02-26 20:56:57 UTC
27,27,4614523378877635,,success,2012-02-26 20:56:57 UTC,2012-02-26 20:56:57 UTC
28,28,4604223164580033,,success,2012-02-26 20:56:57 UTC,2012-02-26 20:56:57 UTC
29,29,4349426879923290,,success,2012-02-26 20:56:57 UTC,2012-02-26 20:56:57 UTC
30,30,4619850044750256,,success,2012-02-26 20:56:57 UTC,2012-02-26 20:56:57 UTC
31,31,4130676021415743,,success,2012-02-26 20:56:57 UTC,2012-02-26 20:56:57 UTC
32,32,4184649339029337,,success,2012-02-26 20:56:57 UTC,2012-02-26 20:56:57 UTC
33,33,4343507988979548,,success,2012-02-26 20:56:57 UTC,2012-02-26 20:56:57 UTC
34,34,4630207291165335,,success,2012-02-26 20:56:57 UTC,2012-02-26 20:56:57 UTC
35,35,4018861240397577,,success,2012-02-26 20:56:57 UTC,2012-02-26 20:56:57 UTC
36,36,4455102439190243,,success,2012-02-26 20:56:58 UTC,2012-02-26 20:56:58 UTC
37,37,4586019638473066,,success,2012-02-26 20:56:58 UTC,2012-02-26 20:56:58 UTC
38,38,4101975684775264,,success,2012-02-26 20:56:58 UTC,2012-02-26 20:56:58 UTC
39,39,4440246143271800,,success,2012-02-26 20:56:58 UTC,2012-02-26 20:56:58 UTC
40,40,4469794222279759,,success,2012-02-26 20:56:58 UTC,2012-02-26 20:56:58 UTC
41,41,4703838665590561,,success,2012-02-26 20:56:58 UTC,2012-02-26 20:56:58 UTC
42,42,4651783001570416,,success,2012-02-26 20:56:58 UTC,2012-02-26 20:56:58 UTC
43,43,4129696152212787,,success,2012-02-26 20:56:58 UTC,2012-02-26 20:56:58 UTC
44,44,4240970000331800,,success,2012-02-26 20:56:58 UTC,2012-02-26 20:56:58 UTC
45,45,4744975006319071,,success,2012-02-26 20:56:58 UTC,2012-02-26 20:56:58 UTC
46,46,4425760116836126,,success,2012-02-26 20:56:58 UTC,2012-02-26 20:56:58 UTC
47,47,4858975029561904,,success,2012-02-26 20:56:58 UTC,2012-02-26 20:56:58 UTC
48,48,4760510205375050,,success,2012-02-26 20:56:58 UTC,2012-02-26 20:56:58 UTC
49,49,4783318833951430,,success,2012-02-26 20:56:58 UTC,2012-02-26 20:56:58 UTC
50,50,4693281017778847,,success,2012-02-26 20:56:58 UTC,2012-02-26 20:56:58 UTC
51,51,4627895696270061,,success,2012-02-26 20:56:58 UTC,2012-02-26 20:56:58 UTC
52,52,4007233416896135,,success,2012-02-26 20:56:58 UTC,2012-02-26 20:56:58 UTC
53,53,4270597833225324,,success,2012-02-26 20:56:58 UTC,2012-02-26 20:56:58 UTC
54,54,4579251434895555,,success,2012-02-26 20:56:58 UTC,2012-02-26 20:56:58 UTC
55,55,4714659496556002,,success,2012-02-26 20:56:58 UTC,2012-02-26 20:56:58 UTC
56,56,4253041019870013,,success,2012-02-26 20:56:58 UTC,2012-02-26 20:56:58 UTC
57,57,4116848067642966,,success,2012-02-26 20:56:58 UTC,2012-02-26 20:56:58 UTC
58,58,4595625018759220,,success,2012-02-26 20:56:58 UTC,2012-02-26 20:56:58 UTC
59,59,4350162721737391,,success,2012-02-26 20:56:58 UTC,2012-02-26 20:56:58 UTC
60,60,4685066616366805,,success,2012-02-26 20:56:58 UTC,2012-02-26 20:56:58 UTC
61,61,4350312036661911,,success,2012-02-26 20:56:58 UTC,2012-02-26 20:56:58 UTC
62,62,4158027194097379,,success,2012-02-26 20:56:58 UTC,2012-02-26 20:56:58 UTC
63,63,4717351269517977,,success,2012-02-26 20:56:58 UTC,2012-02-26 20:56:58 UTC
64,64,4159005393999216,,success,2012-02-26 20:56:58 UTC,2012-02-26 20:56:58 UTC
65,65,4890058737935589,,success,2012-02-26 20:56:59 UTC,2012-02-26 20:56:59 UTC
66,66,4076575552350280,,success,2012-02-26 20:56:59 UTC,2012-02-26 20:56:59 UTC
67,67,4438971654268974,,success,2012-02-26 20:56:59 UTC,2012-02-26 20:56:59 UTC
68,68,4599188655408662,,success,2012-02-26 20:56:59 UTC,2012-02-26 20:56:59 UTC
69,69,4426959354436260,,success,2012-02-26 20:56:59 UTC,2012-02-26 20:56:59 UTC
70,70,4753400425843917,,success,2012-02-26 20:56:59 UTC,2012-02-26 20:56:59 UTC
71,71,4302605372675914,,success,2012-02-26 20:56:59 UTC,2012-02-26 20:56:59 UTC
72,72,4327191927608552,,success,2012-02-26 20:56:59 UTC,2012-02-26 20:56:59 UTC
73,73,4393618867781683,,success,2012-02-26 20:56:59 UTC,2012-02-26 20:56:59 UTC
74,74,4394870923605804,,success,2012-02-26 20:56:59 UTC,2012-02-26 20:56:59 UTC
75,75,4486265401321079,,success,2012-02-26 20:56:59 UTC,2012-02-26 20:56:59 UTC
76,76,4653232851885639,,success,2012-02-26 20:56:59 UTC,2012-02-26 20:56:59 UTC
77,77,4818107859669734,,success,2012-02-26 20:56:59 UTC,2012-02-26 20:56:59 UTC
78,78,4366676901102370,,success,2012-02-26 20:56:59 UTC,2012-02-26 20:56:59 UTC
79,79,4101434997710285,,success,2012-02-26 20:56:59 UTC,2012-02-26 20:56:59 UTC
80,80,4567236270149522,,success,2012-02-26 20:56:59 UTC,2012-02-26 20:56:59 UTC
81,81,4638153735274966,,success,2012-02-26 20:56:59 UTC,2012-02-26 20:56:59 UTC
82,82,4702602620803729,,success,2012-02-26 20:56:59 UTC,2012-02-26 20:56:59 UTC
83,83,4181092666893529,,success,2012-02-26 20:56:59 UTC,2012-02-26 20:56:59 UTC
84,84,4183398844652608,,success,2012-02-26 20:56:59 UTC,2012-02-26 20:56:59 UTC
85,85,4241190806039492,,success,2012-02-26 20:56:59 UTC,2012-02-26 20:56:59 UTC
86,86,4378062314044919,,success,2012-02-26 20:56:59 UTC,2012-02-26 20:56:59 UTC
87,87,4022618398188032,,success,2012-02-26 20:56:59 UTC,2012-02-26 20:56:59 UTC
88,88,4671365756857413,,success,2012-02-26 20:56:59 UTC,2012-02-26 20:56:59 UTC
89,89,4292599455447120,,success,2012-02-26 20:56:59 UTC,2012-02-26 20:56:59 UTC
90,90,4050265592090299,,success,2012-02-26 20:56:59 UTC,2012-02-26 20:56:59 UTC
91,91,4687976720745264,,success,2012-02-26 20:56:59 UTC,2012-02-26 20:56:59 UTC
92,92,4005021410252154,,success,2012-02-26 20:56:59 UTC,2012-02-26 20:56:59 UTC
93,93,4391575588388370,,success,2012-02-26 20:56:59 UTC,2012-02-26 20:56:59 UTC
94,94,4026994530272058,,success,2012-02-26 20:56:59 UTC,2012-02-26 20:56:59 UTC
95,95,4082965194718176,,success,2012-02-26 20:56:59 UTC,2012-02-26 20:56:59 UTC
96,96,4881883704910845,,success,2012-02-26 20:57:00 UTC,2012-02-26 20:57:00 UTC
97,97,4908887059302038,,success,2012-02-26 20:57:00 UTC,2012-02-26 20:57:00 UTC
98,98,4705742874343843,,success,2012-02-26 20:57:00 UTC,2012-02-26 20:57:00 UTC
99,99,4761000889527863,,success,2012-02-26 20:57:00 UTC,2012-02-26 20:57:00 UTC
100,100,4686791215944410,,success,2012-02-26 20:57:00 UTC,2012-02-26 20:57:00 UTC
101,101,4684161548480817,,success,2012-02-26 20:57:00 UTC,2012-02-26 20:57:00 UTC
102,102,4339160083065030,,success,2012-02-26 20:57:00 UTC,2012-02-26 20:57:00 UTC
103,103,4917644581850456,,success,2012-02-26 20:57:00 UTC,2012-02-26 20:57:00 UTC
104,104,4113758460176252,,success,2012-02-26 20:57:00 UTC,2012-02-26 20:57:00 UTC
105,105,4632623972329434,,success,2012-02-26 20:57:00 UTC,2012-02-26 20:57:00 UTC
106,106,4750823658695563,,success,2012-02-26 20:57:00 UTC,2012-02-26 20:57:00 UTC
107,107,4064249823238604,,success,2012-02-26 20:57:00 UTC,2012-02-26 20:57:00 UTC
108,108,4557283525052057,,success,2012-02-26 20:57:00 UTC,2012-02-26 20:57:00 UTC
109,109,4340259553161572,,success,2012-02-26 20:57:00 UTC,2012-02-26 20:57:00 UTC
110,110,4130562614443436,,success,2012-02-26 20:57:00 UTC,2012-02-26 20:57:00 UTC
111,111,4002810912900173,,success,2012-02-26 20:57:00 UTC,2012-02-26 20:57:00 UTC
112,112,4672999215355858,,success,2012-02-26 20:57:00 UTC,2012-02-26 20:57:00 UTC
113,113,4510136688023558,,success,2012-02-26 20:57:00 UTC,2012-02-26 20:57:00 UTC
114,114,4080247238605633,,success,2012-02-26 20:57:00 UTC,2012-02-26 20:57:00 UTC
115,115,4191976989764980,,success,2012-02-26 20:57:00 UTC,2012-02-26 20:57:00 UTC
116,116,4055564081112246,,success,2012-02-26 20:57:00 UTC,2012-02-26 20:57:00 UTC
117,117,4063134034461571,,success,2012-02-26 20:57:00 UTC,2012-02-26 20:57:00 UTC
118,118,4933193674694615,,success,2012-02-26 20:57:00 UTC,2012-02-26 20:57:00 UTC
119,119,4840021010919095,,success,2012-02-26 20:57:00 UTC,2012-02-26 20:57:00 UTC
120,120,4782653629218871,,success,2012-02-26 20:57:00 UTC,2012-02-26 20:57:00 UTC
121,121,4446599369437324,,success,2012-02-26 20:57:00 UTC,2012-02-26 20:57:00 UTC
122,122,4134152532510685,,success,2012-02-26 20:57:00 UTC,2012-02-26 20:57:00 UTC
123,123,4602945298560162,,success,2012-02-26 20:57:00 UTC,2012-02-26 20:57:00 UTC
124,124,4973307042643604,,success,2012-02-26 20:57:00 UTC,2012-02-26 20:57:00 UTC
125,125,4238941295416431,,success,2012-02-26 20:57:00 UTC,2012-02-26 20:57:00 UTC
126,126,4671991827865010,,success,2012-02-26 20:57:00 UTC,2012-02-26 20:57:00 UTC
127,127,4611840591827410,,success,2012-02-26 20:57:00 UTC,2012-02-26 20:57:00 UTC
128,128,4217492064576708,,success,2012-02-26 20:57:01 UTC,2012-02-26 20:57:01 UTC
129,129,4021286473734137,,success,2012-02-26 20:57:01 UTC,2012-02-26 20:57:01 UTC
130,130,4645511183128466,,success,2012-02-26 20:57:01 UTC,2012-02-26 20:57:01 UTC
131,131,4667398730802653,,success,2012-02-26 20:57:01 UTC,2012-02-26 20:57:01 UTC
132,132,4203556669555701,,success,2012-02-26 20:57:01 UTC,2012-02-26 20:57:01 UTC
133,133,4010680668779805,,success,2012-02-26 20:57:01 UTC,2012-02-26 20:57:01 UTC
134,134,4519671625164874,,success,2012-02-26 20:57:01 UTC,2012-02-26 20:57:01 UTC
135,135,4669193713313039,,success,2012-02-26 20:57:01 UTC,2012-02-26 20:57:01 UTC
136,136,4131693590636884,,success,2012-02-26 20:57:01 UTC,2012-02-26 20:57:01 UTC
137,137,4716923041959322,,success,2012-02-26 20:57:01 UTC,2012-02-26 20:57:01 UTC
138,138,4874061134432318,,success,2012-02-26 20:57:01 UTC,2012-02-26 20:57:01 UTC
139,139,4794711779062645,,success,2012-02-26 20:57:01 UTC,2012-02-26 20:57:01 UTC
140,140,4821112763390770,,success,2012-02-26 20:57:01 UTC,2012-02-26 20:57:01 UTC
141,141,4447392034703789,,success,2012-02-26 20:57:01 UTC,2012-02-26 20:57:01 UTC
142,142,4312226706997582,,success,2012-02-26 20:57:01 UTC,2012-02-26 20:57:01 UTC
143,143,4321677637250604,,success,2012-02-26 20:57:01 UTC,2012-02-26 20:57:01 UTC
144,144,4774584008084589,,success,2012-02-26 20:57:01 UTC,2012-02-26 20:57:01 UTC
145,145,4997554022666376,,success,2012-02-26 20:57:01 UTC,2012-02-26 20:57:01 UTC
146,146,4143500574692262,,success,2012-02-26 20:57:01 UTC,2012-02-26 20:57:01 UTC
147,147,4769359146551903,,success,2012-02-26 20:57:01 UTC,2012-02-26 20:57:01 UTC
148,148,4548288329975019,,success,2012-02-26 20:57:01 UTC,2012-02-26 20:57:01 UTC
149,149,4737910295777584,,success,2012-02-26 20:57:01 UTC,2012-02-26 20:57:01 UTC
150,150,4920467052234389,,success,2012-02-26 20:57:01 UTC,2012-02-26 20:57:01 UTC
151,151,4268126867206130,,success,2012-02-26 20:57:01 UTC,2012-02-26 20:57:01 UTC
152,152,4058507252510044,,success,2012-02-26 20:57:01 UTC,2012-02-26 20:57:01 UTC
153,153,4804798898226122,,success,2012-02-26 20:57:01 UTC,2012-02-26 20:57:01 UTC
154,154,4941895198399826,,success,2012-02-26 20:57:01 UTC,2012-02-26 20:57:01 UTC
155,155,4365474018003338,,success,2012-02-26 20:57:01 UTC,2012-02-26 20:57:01 UTC
156,156,4362802023407977,,success,2012-02-26 20:57:02 UTC,2012-02-26 20:57:02 UTC
157,157,4709998508762802,,success,2012-02-26 20:57:02 UTC,2012-02-26 20:57:02 UTC
158,158,4191222188022584,,success,2012-02-26 20:57:02 UTC,2012-02-26 20:57:02 UTC
159,159,4953242338787692,,success,2012-02-26 20:57:02 UTC,2012-02-26 20:57:02 UTC
160,160,4771477015170989,,success,2012-02-26 20:57:02 UTC,2012-02-26 20:57:02 UTC
161,161,4413055831972782,,success,2012-02-26 20:57:02 UTC,2012-02-26 20:57:02 UTC
162,162,4799813800589546,,success,2012-02-26 20:57:02 UTC,2012-02-26 20:57:02 UTC
163,163,4289367481522285,,success,2012-02-26 20:57:02 UTC,2012-02-26 20:57:02 UTC
164,164,4323384378936147,,success,2012-02-26 20:57:02 UTC,2012-02-26 20:57:02 UTC
165,165,4050963362033166,,success,2012-02-26 20:57:02 UTC,2012-02-26 20:57:02 UTC
166,166,4778785336727351,,success,2012-02-26 20:57:02 UTC,2012-02-26 20:57:02 UTC
167,167,4809407407194583,,success,2012-02-26 20:57:02 UTC,2012-02-26 20:57:02 UTC
168,168,4831725687004391,,success,2012-02-26 20:57:02 UTC,2012-02-26 20:57:02 UTC
169,169,4880873842873352,,success,2012-02-26 20:57:02 UTC,2012-02-26 20:57:02 UTC
170,170,4667411515757439,,success,2012-02-26 20:57:02 UTC,2012-02-26 20:57:02 UTC
171,171,4506960691682777,,success,2012-02-26 20:57:02 UTC,2012-02-26 20:57:02 UTC
172,172,4966312331026942,,success,2012-02-26 20:57:02 UTC,2012-02-26 20:57:02 UTC
173,173,4652739371358833,,success,2012-02-26 20:57:02 UTC,2012-02-26 20:57:02 UTC
174,174,4307650137025179,,success,2012-02-26 20:57:02 UTC,2012-02-26 20:57:02 UTC
175,175,4519790645916395,,success,2012-02-26 20:57:02 UTC,2012-02-26 20:57:02 UTC
176,176,4502321874935758,,success,2012-02-26 20:57:02 UTC,2012-02-26 20:57:02 UTC
177,177,4754870782844906,,success,2012-02-26 20:57:02 UTC,2012-02-26 20:57:02 UTC
178,178,4738993058427755,,success,2012-02-26 20:57:02 UTC,2012-02-26 20:57:02 UTC
179,179,4460682233302584,,success,2012-02-26 20:57:02 UTC,2012-02-26 20:57:02 UTC
180,180,4382984642318784,,success,2012-02-26 20:57:02 UTC,2012-02-26 20:57:02 UTC
181,181,4415581057240815,,success,2012-02-26 20:57:02 UTC,2012-02-26 20:57:02 UTC
182,182,4018003435163282,,success,2012-02-26 20:57:02 UTC,2012-02-26 20:57:02 UTC
183,183,4848466917766329,,success,2012-02-26 20:57:02 UTC,2012-02-26 20:57:02 UTC
184,184,4633316993972337,,success,2012-02-26 20:57:03 UTC,2012-02-26 20:57:03 UTC
185,185,4151200149954791,,success,2012-02-26 20:57:03 UTC,2012-02-26 20:57:03 UTC
186,186,4618341667568072,,success,2012-02-26 20:57:03 UTC,2012-02-26 20:57:03 UTC
187,187,4654829825115251,,success,2012-02-26 20:57:03 UTC,2012-02-26 20:57:03 UTC
188,188,4632668075697740,,success,2012-02-26 20:57:03 UTC,2012-02-26 20:57:03 UTC
189,189,4756831130426390,,success,2012-02-26 20:57:03 UTC,2012-02-26 20:57:03 UTC
190,190,4945615015729748,,success,2012-02-26 20:57:03 UTC,2012-02-26 20:57:03 UTC
191,191,4807355424537431,,success,2012-02-26 20:57:03 UTC,2012-02-26 20:57:03 UTC
192,192,4382021679578900,,success,2012-02-26 20:57:03 UTC,2012-02-26 20:57:03 UTC
193,193,4997128239955962,,success,2012-02-26 20:57:03 UTC,2012-02-26 20:57:03 UTC
194,194,4977413228650825,,success,2012-02-26 20:57:03 UTC,2012-02-26 20:57:03 UTC
195,195,4456291701916478,,success,2012-02-26 20:57:03 UTC,2012-02-26 20:57:03 UTC
196,196,4091907372257515,,success,2012-02-26 20:57:03 UTC,2012-02-26 20:57:03 UTC
197,197,4567764189962183,,success,2012-02-26 20:57:03 UTC,2012-02-26 20:57:03 UTC
198,198,4008744997802226,,success,2012-02-26 20:57:03 UTC,2012-02-26 20:57:03 UTC
199,199,4689742329469019,,success,2012-02-26 20:57:03 UTC,2012-02-26 20:57:03 UTC
200,200,4009063101721176,,success,2012-02-26 20:57:03 UTC,2012-02-26 20:57:03 UTC
201,201,4667346704496045,,success,2012-02-26 20:57:03 UTC,2012-02-26 20:57:03 UTC
202,202,4683307909669539,,success,2012-02-26 20:57:03 UTC,2012-02-26 20:57:03 UTC
203,203,4279050916916473,,success,2012-02-26 20:57:03 UTC,2012-02-26 20:57:03 UTC
204,204,4247432519904441,,success,2012-02-26 20:57:03 UTC,2012-02-26 20:57:03 UTC
205,205,4846896135898282,,success,2012-02-26 20:57:03 UTC,2012-02-26 20:57:03 UTC
206,206,4103945830798985,,success,2012-02-26 20:57:03 UTC,2012-02-26 20:57:03 UTC
207,207,4361241592501196,,success,2012-02-26 20:57:03 UTC,2012-02-26 20:57:03 UTC
208,208,4294004904496386,,success,2012-02-26 20:57:03 UTC,2012-02-26 20:57:03 UTC
209,209,4810514562498407,,success,2012-02-26 20:57:03 UTC,2012-02-26 20:57:03 UTC
210,210,4578073233723205,,success,2012-02-26 20:57:03 UTC,2012-02-26 20:57:03 UTC
211,211,4783194181388506,,success,2012-02-26 20:57:03 UTC,2012-02-26 20:57:03 UTC
212,212,4045462478744123,,success,2012-02-26 20:57:03 UTC,2012-02-26 20:57:03 UTC
213,213,4888740630266442,,success,2012-02-26 20:57:03 UTC,2012-02-26 20:57:03 UTC
214,214,4995556964184751,,success,2012-02-26 20:57:04 UTC,2012-02-26 20:57:04 UTC
215,215,4109940173177678,,success,2012-02-26 20:57:04 UTC,2012-02-26 20:57:04 UTC
216,216,4414864403258718,,success,2012-02-26 20:57:04 UTC,2012-02-26 20:57:04 UTC
217,217,4819842437554564,,success,2012-02-26 20:57:04 UTC,2012-02-26 20:57:04 UTC
218,218,4467458304986144,,success,2012-02-26 20:57:04 UTC,2012-02-26 20:57:04 UTC
219,219,4048222131281427,,success,2012-02-26 20:57:04 UTC,2012-02-26 20:57:04 UTC
220,220,4174878663700412,,success,2012-02-26 20:57:04 UTC,2012-02-26 20:57:04 UTC
221,221,4135753565789057,,success,2012-02-26 20:57:04 UTC,2012-02-26 20:57:04 UTC
222,222,4275012639434054,,success,2012-02-26 20:57:04 UTC,2012-02-26 20:57:04 UTC
223,223,4941263994365839,,success,2012-02-26 20:57:04 UTC,2012-02-26 20:57:04 UTC
224,224,4706007804874038,,success,2012-02-26 20:57:04 UTC,2012-02-26 20:57:04 UTC
225,225,4757522615037368,,success,2012-02-26 20:57:04 UTC,2012-02-26 20:57:04 UTC
226,226,4788879831429004,,success,2012-02-26 20:57:04 UTC,2012-02-26 20:57:04 UTC
227,227,4114866011249830,,success,2012-02-26 20:57:04 UTC,2012-02-26 20:57:04 UTC
228,228,4009526982850209,,success,2012-02-26 20:57:04 UTC,2012-02-26 20:57:04 UTC
229,229,4590680679682669,,success,2012-02-26 20:57:04 UTC,2012-02-26 20:57:04 UTC
230,230,4978178215699752,,success,2012-02-26 20:57:04 UTC,2012-02-26 20:57:04 UTC
231,231,4918787303441093,,success,2012-02-26 20:57:04 UTC,2012-02-26 20:57:04 UTC
232,232,4274532893983716,,success,2012-02-26 20:57:04 UTC,2012-02-26 20:57:04 UTC
233,233,4181925298743862,,success,2012-02-26 20:57:04 UTC,2012-02-26 20:57:04 UTC
234,234,4802810334435402,,success,2012-02-26 20:57:04 UTC,2012-02-26 20:57:04 UTC
235,235,4735318269396187,,success,2012-02-26 20:57:04 UTC,2012-02-26 20:57:04 UTC
236,236,4874245827832524,,success,2012-02-26 20:57:04 UTC,2012-02-26 20:57:04 UTC
237,237,4841404241773918,,success,2012-02-26 20:57:04 UTC,2012-02-26 20:57:04 UTC
238,238,4861091055129337,,success,2012-02-26 20:57:04 UTC,2012-02-26 20:57:04 UTC
239,239,4999147960007610,,success,2012-02-26 20:57:04 UTC,2012-02-26 20:57:04 UTC
240,240,4030579286882787,,success,2012-02-26 20:57:04 UTC,2012-02-26 20:57:04 UTC
241,241,4170538651028090,,success,2012-02-26 20:57:04 UTC,2012-02-26 20:57:04 UTC
242,242,4782131213149910,,success,2012-02-26 20:57:05 UTC,2012-02-26 20:57:05 UTC
243,243,4878505327467468,,success,2012-02-26 20:57:05 UTC,2012-02-26 20:57:05 UTC
244,244,4560061339312686,,success,2012-02-26 20:57:05 UTC,2012-02-26 20:57:05 UTC
245,245,4135756051864064,,success,2012-02-26 20:57:05 UTC,2012-02-26 20:57:05 UTC
246,246,4208113683504134,,success,2012-02-26 20:57:05 UTC,2012-02-26 20:57:05 UTC
247,247,4579929057831433,,success,2012-02-26 20:57:05 UTC,2012-02-26 20:57:05 UTC
248,248,4804052942266144,,success,2012-02-26 20:57:05 UTC,2012-02-26 20:57:05 UTC
249,249,4181836994227328,,success,2012-02-26 20:57:05 UTC,2012-02-26 20:57:05 UTC
250,250,4885954097330107,,success,2012-02-26 20:57:05 UTC,2012-02-26 20:57:05 UTC
251,251,4217522086802896,,success,2012-02-26 20:57:05 UTC,2012-02-26 20:57:05 UTC
252,252,4930253490013806,,success,2012-02-26 20:57:05 UTC,2012-02-26 20:57:05 UTC
253,253,4462596577353967,,success,2012-02-26 20:57:05 UTC,2012-02-26 20:57:05 UTC
254,254,4975276129386451,,success,2012-02-26 20:57:05 UTC,2012-02-26 20:57:05 UTC
255,255,4908174619281941,,success,2012-02-26 20:57:05 UTC,2012-02-26 20:57:05 UTC
256,256,4823281160241209,,success,2012-02-26 20:57:05 UTC,2012-02-26 20:57:05 UTC
257,257,4626551194726017,,success,2012-02-26 20:57:05 UTC,2012-02-26 20:57:05 UTC
258,258,4577337934666380,,success,2012-02-26 20:57:05 UTC,2012-02-26 20:57:05 UTC
259,259,4972274169886439,,success,2012-02-26 20:57:05 UTC,2012-02-26 20:57:05 UTC
260,260,4967993449929489,,success,2012-02-26 20:57:05 UTC,2012-02-26 20:57:05 UTC
261,261,4642871963277531,,success,2012-02-26 20:57:05 UTC,2012-02-26 20:57:05 UTC
262,262,4436729338282606,,success,2012-02-26 20:57:05 UTC,2012-02-26 20:57:05 UTC
263,263,4161519722882846,,success,2012-02-26 20:57:05 UTC,2012-02-26 20:57:05 UTC
264,264,4766838919911459,,success,2012-02-26 20:57:05 UTC,2012-02-26 20:57:05 UTC
265,265,4126170879237850,,success,2012-02-26 20:57:05 UTC,2012-02-26 20:57:05 UTC
266,266,4454621834417546,,success,2012-02-26 20:57:05 UTC,2012-02-26 20:57:05 UTC
267,267,4570333288017031,,success,2012-02-26 20:57:05 UTC,2012-02-26 20:57:05 UTC
268,268,4608400768707070,,success,2012-02-26 20:57:05 UTC,2012-02-26 20:57:05 UTC
269,269,4977979642748812,,success,2012-02-26 20:57:05 UTC,2012-02-26 20:57:05 UTC
270,270,4947384632463644,,success,2012-02-26 20:57:05 UTC,2012-02-26 20:57:05 UTC
271,271,4666966253563019,,success,2012-02-26 20:57:05 UTC,2012-02-26 20:57:05 UTC
272,272,4271774484166276,,success,2012-02-26 20:57:05 UTC,2012-02-26 20:57:05 UTC
273,273,4593919101481582,,success,2012-02-26 20:57:05 UTC,2012-02-26 20:57:05 UTC
274,274,4913736309635917,,success,2012-02-26 20:57:05 UTC,2012-02-26 20:57:05 UTC
275,275,4397685375341365,,success,2012-02-26 20:57:05 UTC,2012-02-26 20:57:05 UTC
276,276,4804791358693512,,success,2012-02-26 20:57:06 UTC,2012-02-26 20:57:06 UTC
277,277,4277232387991874,,success,2012-02-26 20:57:06 UTC,2012-02-26 20:57:06 UTC
278,278,4652674596243722,,success,2012-02-26 20:57:06 UTC,2012-02-26 20:57:06 UTC
279,279,4254965681465135,,success,2012-02-26 20:57:06 UTC,2012-02-26 20:57:06 UTC
280,280,4330464289058974,,success,2012-02-26 20:57:06 UTC,2012-02-26 20:57:06 UTC
281,281,4189676365432847,,success,2012-02-26 20:57:06 UTC,2012-02-26 20:57:06 UTC
282,282,4437974388910173,,success,2012-02-26 20:57:06 UTC,2012-02-26 20:57:06 UTC
283,283,4536269837301844,,success,2012-02-26 20:57:06 UTC,2012-02-26 20:57:06 UTC
284,284,4016441603379765,,success,2012-02-26 20:57:06 UTC,2012-02-26 20:57:06 UTC
285,285,4402735859453940,,success,2012-02-26 20:57:06 UTC,2012-02-26 20:57:06 UTC
286,286,4471457816228241,,success,2012-02-26 20:57:06 UTC,2012-02-26 20:57:06 UTC
287,287,4205514520163541,,success,2012-02-26 20:57:06 UTC,2012-02-26 20:57:06 UTC
288,288,4993887508136409,,success,2012-02-26 20:57:06 UTC,2012-02-26 20:57:06 UTC
289,289,4498412462245055,,success,2012-02-26 20:57:06 UTC,2012-02-26 20:57:06 UTC
290,290,4527618206314675,,success,2012-02-26 20:57:06 UTC,2012-02-26 20:57:06 UTC
291,291,4249487532050563,,success,2012-02-26 20:57:06 UTC,2012-02-26 20:57:06 UTC
292,292,4356355853487747,,success,2012-02-26 20:57:06 UTC,2012-02-26 20:57:06 UTC
293,293,4101545592517666,,success,2012-02-26 20:57:06 UTC,2012-02-26 20:57:06 UTC
294,294,4114141830776627,,success,2012-02-26 20:57:06 UTC,2012-02-26 20:57:06 UTC
295,295,4532816335554372,,success,2012-02-26 20:57:06 UTC,2012-02-26 20:57:06 UTC
296,296,4865696165107326,,success,2012-02-26 20:57:06 UTC,2012-02-26 20:57:06 UTC
297,297,4740260311617576,,success,2012-02-26 20:57:06 UTC,2012-02-26 20:57:06 UTC
298,298,4552198335469918,,success,2012-02-26 20:57:06 UTC,2012-02-26 20:57:06 UTC
299,299,4223225455481211,,success,2012-02-26 20:57:06 UTC,2012-02-26 20:57:06 UTC
300,300,4665350583364403,,success,2012-02-26 20:57:06 UTC,2012-02-26 20:57:06 UTC
301,301,4989191603105894,,success,2012-02-26 20:57:06 UTC,2012-02-26 20:57:06 UTC
302,302,4768619042559799,,success,2012-02-26 20:57:06 UTC,2012-02-26 20:57:06 UTC
303,303,4478633649484109,,success,2012-02-26 20:57:06 UTC,2012-02-26 20:57:06 UTC
304,304,4462728665783670,,success,2012-02-26 20:57:06 UTC,2012-02-26 20:57:06 UTC
305,305,4398135086169482,,success,2012-02-26 20:57:06 UTC,2012-02-26 20:57:06 UTC
306,306,4627923816225432,,success,2012-02-26 20:57:06 UTC,2012-02-26 20:57:06 UTC
307,307,4269807355594792,,success,2012-02-26 20:57:06 UTC,2012-02-26 20:57:06 UTC
308,308,4985691070657784,,success,2012-02-26 20:57:06 UTC,2012-02-26 20:57:06 UTC
309,309,4010874992391848,,success,2012-02-26 20:57:06 UTC,2012-02-26 20:57:06 UTC
310,310,4728953638190224,,success,2012-02-26 20:57:06 UTC,2012-02-26 20:57:06 UTC
311,311,4016501941675557,,success,2012-02-26 20:57:06 UTC,2012-02-26 20:57:06 UTC
312,312,4239309057112993,,success,2012-02-26 20:57:06 UTC,2012-02-26 20:57:06 UTC
313,313,4857295258801384,,success,2012-02-26 20:57:07 UTC,2012-02-26 20:57:07 UTC
314,314,4621330885219312,,success,2012-02-26 20:57:07 UTC,2012-02-26 20:57:07 UTC
315,315,4621258613875195,,success,2012-02-26 20:57:07 UTC,2012-02-26 20:57:07 UTC
316,316,4616508035603671,,success,2012-02-26 20:57:07 UTC,2012-02-26 20:57:07 UTC
317,317,4027312243865003,,success,2012-02-26 20:57:07 UTC,2012-02-26 20:57:07 UTC
318,318,4899085802637850,,success,2012-02-26 20:57:07 UTC,2012-02-26 20:57:07 UTC
319,319,4436062727069563,,success,2012-02-26 20:57:07 UTC,2012-02-26 20:57:07 UTC
320,320,4141352576707393,,success,2012-02-26 20:57:07 UTC,2012-02-26 20:57:07 UTC
321,321,4048363954206586,,success,2012-02-26 20:57:07 UTC,2012-02-26 20:57:07 UTC
322,322,4467169828851536,,success,2012-02-26 20:57:07 UTC,2012-02-26 20:57:07 UTC
323,323,4345681071085767,,success,2012-02-26 20:57:07 UTC,2012-02-26 20:57:07 UTC
324,324,4110216402960416,,success,2012-02-26 20:57:07 UTC,2012-02-26 20:57:07 UTC
325,325,4016604897840351,,success,2012-02-26 20:57:07 UTC,2012-02-26 20:57:07 UTC
326,326,4879788182477762,,success,2012-02-26 20:57:07 UTC,2012-02-26 20:57:07 UTC
327,327,4595379364385367,,success,2012-02-26 20:57:07 UTC,2012-02-26 20:57:07 UTC
328,328,4542686369316751,,success,2012-02-26 20:57:07 UTC,2012-02-26 20:57:07 UTC
329,329,4095077282490159,,success,2012-02-26 20:57:07 UTC,2012-02-26 20:57:07 UTC
330,330,4469681651338488,,success,2012-02-26 20:57:07 UTC,2012-02-26 20:57:07 UTC
331,331,4568804702381655,,success,2012-02-26 20:57:07 UTC,2012-02-26 20:57:07 UTC
332,332,4897666811648655,,success,2012-02-26 20:57:07 UTC,2012-02-26 20:57:07 UTC
333,333,4895172059253375,,success,2012-02-26 20:57:07 UTC,2012-02-26 20:57:07 UTC
334,334,4010345177049965,,success,2012-02-26 20:57:07 UTC,2012-02-26 20:57:07 UTC
335,335,4162123460631026,,success,2012-02-26 20:57:07 UTC,2012-02-26 20:57:07 UTC
336,336,4706334615471781,,success,2012-02-26 20:57:07 UTC,2012-02-26 20:57:07 UTC
337,337,4795993733702625,,success,2012-02-26 20:57:07 UTC,2012-02-26 20:57:07 UTC
338,338,4752869556346772,,success,2012-02-26 20:57:07 UTC,2012-02-26 20:57:07 UTC
339,339,4119155203229972,,success,2012-02-26 20:57:07 UTC,2012-02-26 20:57:07 UTC
340,340,4951175798907277,,success,2012-02-26 20:57:07 UTC,2012-02-26 20:57:07 UTC
341,341,4429572028542925,,success,2012-02-26 20:57:07 UTC,2012-02-26 20:57:07 UTC
342,342,4482874019958010,,success,2012-02-26 20:57:07 UTC,2012-02-26 20:57:07 UTC
343,343,4922932201376518,,success,2012-02-26 20:57:07 UTC,2012-02-26 20:57:07 UTC
344,344,4189939092523201,,success,2012-02-26 20:57:07 UTC,2012-02-26 20:57:07 UTC
345,345,4073836543593055,,success,2012-02-26 20:57:07 UTC,2012-02-26 20:57:07 UTC
346,346,4596556352434100,,success,2012-02-26 20:57:07 UTC,2012-02-26 20:57:07 UTC
347,347,4703965812007233,,success,2012-02-26 20:57:07 UTC,2012-02-26 20:57:07 UTC
348,348,4975328260586289,,success,2012-02-26 20:57:07 UTC,2012-02-26 20:57:07 UTC
349,349,4545388583403490,,success,2012-02-26 20:57:07 UTC,2012-02-26 20:57:07 UTC
350,350,4175665195911428,,success,2012-02-26 20:57:08 UTC,2012-02-26 20:57:08 UTC
351,351,4564801635935264,,success,2012-02-26 20:57:08 UTC,2012-02-26 20:57:08 UTC
352,352,4914645060545262,,success,2012-02-26 20:57:08 UTC,2012-02-26 20:57:08 UTC
353,353,4368206691892823,,success,2012-02-26 20:57:08 UTC,2012-02-26 20:57:08 UTC
354,354,4646306475204740,,success,2012-02-26 20:57:08 UTC,2012-02-26 20:57:08 UTC
355,355,4304503744780915,,success,2012-02-26 20:57:08 UTC,2012-02-26 20:57:08 UTC
356,356,4106250980615973,,success,2012-02-26 20:57:08 UTC,2012-02-26 20:57:08 UTC
357,357,4391523409772869,,success,2012-02-26 20:57:08 UTC,2012-02-26 20:57:08 UTC
358,358,4965955062263626,,success,2012-02-26 20:57:08 UTC,2012-02-26 20:57:08 UTC
359,359,4058072839991082,,success,2012-02-26 20:57:08 UTC,2012-02-26 20:57:08 UTC
360,360,4270959902139203,,success,2012-02-26 20:57:08 UTC,2012-02-26 20:57:08 UTC
361,361,4193938862543154,,success,2012-02-26 20:57:08 UTC,2012-02-26 20:57:08 UTC
362,362,4361933428672424,,success,2012-02-26 20:57:08 UTC,2012-02-26 20:57:08 UTC
363,363,4499607942383371,,success,2012-02-26 20:57:08 UTC,2012-02-26 20:57:08 UTC
364,364,4652434322016071,,success,2012-02-26 20:57:08 UTC,2012-02-26 20:57:08 UTC
365,365,4877778558077558,,success,2012-02-26 20:57:08 UTC,2012-02-26 20:57:08 UTC
366,366,4440291695344627,,success,2012-02-26 20:57:08 UTC,2012-02-26 20:57:08 UTC
367,367,4467927045162454,,success,2012-02-26 20:57:08 UTC,2012-02-26 20:57:08 UTC
368,368,4326900268141436,,success,2012-02-26 20:57:08 UTC,2012-02-26 20:57:08 UTC
369,369,4225224279777490,,success,2012-02-26 20:57:08 UTC,2012-02-26 20:57:08 UTC
370,370,4968526653260627,,success,2012-02-26 20:57:08 UTC,2012-02-26 20:57:08 UTC
371,371,4589722330398335,,success,2012-02-26 20:57:08 UTC,2012-02-26 20:57:08 UTC
372,372,4557400607016252,,success,2012-02-26 20:57:08 UTC,2012-02-26 20:57:08 UTC
373,373,4707625057378045,,success,2012-02-26 20:57:08 UTC,2012-02-26 20:57:08 UTC
374,374,4960821750916659,,success,2012-02-26 20:57:08 UTC,2012-02-26 20:57:08 UTC
375,375,4761283474027087,,success,2012-02-26 20:57:08 UTC,2012-02-26 20:57:08 UTC
376,376,4011661044168666,,success,2012-02-26 20:57:09 UTC,2012-02-26 20:57:09 UTC
377,377,4226736763305461,,success,2012-02-26 20:57:09 UTC,2012-02-26 20:57:09 UTC
378,378,4205680503670865,,success,2012-02-26 20:57:09 UTC,2012-02-26 20:57:09 UTC
379,379,4911376290739253,,success,2012-02-26 20:57:09 UTC,2012-02-26 20:57:09 UTC
380,380,4078442287470395,,success,2012-02-26 20:57:09 UTC,2012-02-26 20:57:09 UTC
381,381,4793562617598061,,success,2012-02-26 20:57:09 UTC,2012-02-26 20:57:09 UTC
382,382,4812897578591420,,success,2012-02-26 20:57:09 UTC,2012-02-26 20:57:09 UTC
383,383,4821900529039999,,success,2012-02-26 20:57:09 UTC,2012-02-26 20:57:09 UTC
384,384,4692525102355138,,success,2012-02-26 20:57:09 UTC,2012-02-26 20:57:09 UTC
385,385,4568672433900487,,success,2012-02-26 20:57:09 UTC,2012-02-26 20:57:09 UTC
386,386,4111963364978997,,success,2012-02-26 20:57:09 UTC,2012-02-26 20:57:09 UTC
387,387,4891487260942016,,success,2012-02-26 20:57:09 UTC,2012-02-26 20:57:09 UTC
388,388,4003969577563054,,success,2012-02-26 20:57:09 UTC,2012-02-26 20:57:09 UTC
389,389,4990881500106513,,success,2012-02-26 20:57:09 UTC,2012-02-26 20:57:09 UTC
390,390,4572457156306250,,success,2012-02-26 20:57:09 UTC,2012-02-26 20:57:09 UTC
391,391,4450192055379663,,success,2012-02-26 20:57:09 UTC,2012-02-26 20:57:09 UTC
392,392,4447551611801655,,success,2012-02-26 20:57:09 UTC,2012-02-26 20:57:09 UTC
393,393,4660643796727300,,success,2012-02-26 20:57:09 UTC,2012-02-26 20:57:09 UTC
394,394,4718376779813292,,success,2012-02-26 20:57:09 UTC,2012-02-26 20:57:09 UTC
395,395,4349305114356246,,success,2012-02-26 20:57:09 UTC,2012-02-26 20:57:09 UTC
396,396,4978629679581540,,success,2012-02-26 20:57:09 UTC,2012-02-26 20:57:09 UTC
397,397,4059561164719980,,success,2012-02-26 20:57:09 UTC,2012-02-26 20:57:09 UTC
398,398,4554282358357892,,success,2012-02-26 20:57:09 UTC,2012-02-26 20:57:09 UTC
399,399,4481834597503963,,success,2012-02-26 20:57:09 UTC,2012-02-26 20:57:09 UTC
400,400,4851718448303022,,success,2012-02-26 20:57:09 UTC,2012-02-26 20:57:09 UTC
401,401,4707351204446919,,success,2012-02-26 20:57:09 UTC,2012-02-26 20:57:09 UTC
402,402,4525228414760683,,success,2012-02-26 20:57:09 UTC,2012-02-26 20:57:09 UTC
403,403,4332131953177859,,success,2012-02-26 20:57:09 UTC,2012-02-26 20:57:09 UTC
404,404,4925127998063280,,success,2012-02-26 20:57:09 UTC,2012-02-26 20:57:09 UTC
405,405,4499195733540966,,success,2012-02-26 20:57:09 UTC,2012-02-26 20:57:09 UTC
406,406,4452513905411276,,success,2012-02-26 20:57:09 UTC,2012-02-26 20:57:09 UTC
407,407,4866863989992589,,success,2012-02-26 20:57:09 UTC,2012-02-26 20:57:09 UTC
408,408,4591710871803431,,success,2012-02-26 20:57:09 UTC,2012-02-26 20:57:09 UTC
409,409,4006567974053852,,success,2012-02-26 20:57:09 UTC,2012-02-26 20:57:09 UTC
410,410,4483319491086631,,success,2012-02-26 20:57:09 UTC,2012-02-26 20:57:09 UTC
411,411,4488459846356250,,success,2012-02-26 20:57:09 UTC,2012-02-26 20:57:09 UTC
412,412,4649526145427256,,success,2012-02-26 20:57:09 UTC,2012-02-26 20:57:09 UTC
413,413,4730664542302483,,success,2012-02-26 20:57:10 UTC,2012-02-26 20:57:10 UTC
414,414,4590483818929395,,success,2012-02-26 20:57:10 UTC,2012-02-26 20:57:10 UTC
415,415,4497467445961126,,success,2012-02-26 20:57:10 UTC,2012-02-26 20:57:10 UTC
416,416,4185534820822022,,success,2012-02-26 20:57:10 UTC,2012-02-26 20:57:10 UTC
417,417,4869218778245013,,success,2012-02-26 20:57:10 UTC,2012-02-26 20:57:10 UTC
418,418,4046820824336675,,success,2012-02-26 20:57:10 UTC,2012-02-26 20:57:10 UTC
419,419,4861131561033820,,success,2012-02-26 20:57:10 UTC,2012-02-26 20:57:10 UTC
420,420,4518321537231115,,success,2012-02-26 20:57:10 UTC,2012-02-26 20:57:10 UTC
421,421,4997365587165188,,success,2012-02-26 20:57:10 UTC,2012-02-26 20:57:10 UTC
422,422,4661688027019821,,success,2012-02-26 20:57:10 UTC,2012-02-26 20:57:10 UTC
423,423,4777163851274841,,success,2012-02-26 20:57:10 UTC,2012-02-26 20:57:10 UTC
424,424,4637633136761855,,success,2012-02-26 20:57:10 UTC,2012-02-26 20:57:10 UTC
425,425,4332978123890512,,success,2012-02-26 20:57:10 UTC,2012-02-26 20:57:10 UTC
426,426,4546170749111990,,success,2012-02-26 20:57:10 UTC,2012-02-26 20:57:10 UTC
427,427,4764213259900358,,success,2012-02-26 20:57:10 UTC,2012-02-26 20:57:10 UTC
428,428,4522338283312325,,success,2012-02-26 20:57:10 UTC,2012-02-26 20:57:10 UTC
429,429,4958196609381935,,success,2012-02-26 20:57:10 UTC,2012-02-26 20:57:10 UTC
430,430,4359220141715943,,success,2012-02-26 20:57:10 UTC,2012-02-26 20:57:10 UTC
431,431,4182637814526088,,success,2012-02-26 20:57:10 UTC,2012-02-26 20:57:10 UTC
432,432,4870768067898394,,success,2012-02-26 20:57:10 UTC,2012-02-26 20:57:10 UTC
433,433,4913146378223346,,success,2012-02-26 20:57:10 UTC,2012-02-26 20:57:10 UTC
434,434,4076305306708571,,success,2012-02-26 20:57:10 UTC,2012-02-26 20:57:10 UTC
435,435,4500526049145949,,success,2012-02-26 20:57:10 UTC,2012-02-26 20:57:10 UTC
436,436,4739246555148891,,success,2012-02-26 20:57:10 UTC,2012-02-26 20:57:10 UTC
437,437,4185315517699778,,success,2012-02-26 20:57:10 UTC,2012-02-26 20:57:10 UTC
438,438,4454807675719608,,success,2012-02-26 20:57:10 UTC,2012-02-26 20:57:10 UTC
439,439,4005101833839880,,success,2012-02-26 20:57:10 UTC,2012-02-26 20:57:10 UTC
440,440,4385721096785321,,success,2012-02-26 20:57:10 UTC,2012-02-26 20:57:10 UTC
441,441,4991361219624982,,success,2012-02-26 20:57:10 UTC,2012-02-26 20:57:10 UTC
442,442,4275580183296174,,success,2012-02-26 20:57:10 UTC,2012-02-26 20:57:10 UTC
443,443,4705332038229255,,success,2012-02-26 20:57:11 UTC,2012-02-26 20:57:11 UTC
444,444,4505175665778114,,success,2012-02-26 20:57:11 UTC,2012-02-26 20:57:11 UTC
445,445,4604396783181637,,success,2012-02-26 20:57:11 UTC,2012-02-26 20:57:11 UTC
446,446,4195437675315881,,success,2012-02-26 20:57:11 UTC,2012-02-26 20:57:11 UTC
447,447,4798412909795741,,success,2012-02-26 20:57:11 UTC,2012-02-26 20:57:11 UTC
448,448,4759589824626147,,success,2012-02-26 20:57:11 UTC,2012-02-26 20:57:11 UTC
449,449,4927897923580173,,success,2012-02-26 20:57:11 UTC,2012-02-26 20:57:11 UTC
450,450,4957118115698205,,success,2012-02-26 20:57:11 UTC,2012-02-26 20:57:11 UTC